a8387c01a09e99ce014107505b92388c,Tiana,Ferguson,4ef15afb4b2723d8f3d81e51ec7afefe,Ned,Nelson
09285259593c61296eef10c734121d5b,Evelyn,Cameron,d3d1e91a157ea7f90548eef82f1955e3,Byron,Rogers
b90f87164b5f8c2cfa5c8572834dbe3f,Daryl,Moore,6565aa9ce3178a5caf6171827af3a9ba,Kevin,Armstrong
56bf83c4bb35763a51c2baab501b4c67,Aston,Morris,495d4e95a8cf8bbf8b432b612a2aa328,Amanda,Wright
4b339f9567d060bcea4f5136b9f5949e,Jacob,Stevens,85fc447d336637ba1df43e793199fbc8,Steven,Ellis
fdb16d3cbbeb5798f2f66c4096be026d,Grace,Johnston,9e4d1098a3b0f5da39b0bc48f9876645,Tiana,West
34d40cdaf94010a1d05b0d6212f9e909,Dexter,Hall,2695de1affa7750089c0455f8ce27021,Charlie,Casey
f42a2bd194f7802ab052a815c8de65b7,Roman,Chapman,9ae085775a198122c5586fa830ff7f2b,Lucy,Harris
9d12ef1a7eca3ec58c545c678af7869c,Naomi,Richards,de63de0d10a6012430098db33c679b0b,Annabella,Campbell
de63de0d10a6012430098db33c679b0b,Grace,Morgan,060c0a26f19f4d66b42e0d8796688490,Henry,Andrews
068066e24f0c643eb1d089c7dd20cd73,Frederick,Edwards,fbf4aef3f6915dc0c3c97d6812522f6a,Arianna,Carter
9e4d1098a3b0f5da39b0bc48f9876645,Natalie,Clark,c638112b43f1d1b86dcabb0da720c901,Mike,Reed
370c9f455f93a9a96cbe9bea48e70033,Dexter,Elliott,a8387c01a09e99ce014107505b92388c,Mike,Johnson
e7dff61b78bebffa71678e126ce669ad,Lyndon,Craig,068066e24f0c643eb1d089c7dd20cd73,Amber,Wells
6aa3b86a83d784b05f0e37e26b20860d,Stuart,Grant,0a0fb2b07d841f84fb6714e35c723075,Annabella,West
084b6fbb10729ed4da8c3d3f5a3ae7c9,Violet,Alexander,34d40cdaf94010a1d05b0d6212f9e909,Blake,Sullivan
9749123c950bf8363ace42cb1c2d0815,Jenna,Andrews,56bf83c4bb35763a51c2baab501b4c67,Paul,Turner
0a0fb2b07d841f84fb6714e35c723075,Caroline,Lloyd,9d12ef1a7eca3ec58c545c678af7869c,Agata,Parker
45749fb708130f78d0db07d8d80f030b,Adam,Morgan,4b339f9567d060bcea4f5136b9f5949e,Garry,Hawkins
282f16e20d50cb18d05182e80f6b9dd6,Stuart,Johnston,9749123c950bf8363ace42cb1c2d0815,Honey,West
f6c6ab65a1c732f154b371401448be6d,James,Turner,b90f87164b5f8c2cfa5c8572834dbe3f,Adison,Watson
2b63542749aa9caf15f21816da1db341,Jessica,Kelly,6aa3b86a83d784b05f0e37e26b20860d,Justin,Higgins
b34f6eba10f46bf9a657a01c108a8284,Amber,Nelson,,,
0cdad77786224a7cefea567b8c75c3c1,Audrey,Johnston,,,
6b13bcea409754a002210eb96b8aad4a,Albert,Cameron,,,
33dd30594303eb0ebe12a556d612c437,Reid,Thomas,,,
323cff2ceea1814239bc2c7e614d260d,Adrian,Holmes,,,
5b7ce8c2b0fe4c2f52a0763046914ef4,Kellan,Bennett,,,
19f3cd308f1455b3fa09a282e0d496f4,Adrian,Harrison,,,
b1b3ec93fc27a19fdb1c1b1fc997776a,Albert,Harrison,,,
e4a6222cdb5b34375400904f03d8e6a5,Valeria,Grant,,,
9ae085775a198122c5586fa830ff7f2b,Daisy,Morgan,,,
